RANGO DE NUMEROS;NUMEROS PRIMOS;DURACION
0 a 1000000;78500;12,44569730758667
1000000 a 2000000;70435;20,428831338882446
2000000 a 3000000;67883;23,52812933921814
3000000 a 4000000;66330;26,497671127319336
4000000 a 5000000;65367;28,944637298583984
5000000 a 6000000;64336;31,23694682121277
6000000 a 7000000;63799;36,47849655151367
7000000 a 8000000;63129;38,84063696861267
8000000 a 9000000;62712;40,7101526260376
9000000 a 10000000;62090;44,09665656089783
10000000 a 11000000;61938;44,72693634033203
11000000 a 12000000;61543;45,986026763916016
12000000 a 13000000;61192;47,608283042907715
13000000 a 14000000;60825;49,441771268844604
14000000 a 15000000;60627;51,14077687263489
15000000 a 16000000;60426;52,40134882926941
16000000 a 17000000;60184;54,67933964729309
17000000 a 18000000;60053;56,145410776138306
18000000 a 19000000;59683;56,611246824264526
19000000 a 20000000;59557;59,380728244781494
20000000 a 21000000;59336;63,60234832763672
21000000 a 22000000;59318;61,61176109313965
22000000 a 23000000;58960;64,9637999534607
23000000 a 24000000;58901;62,65405631065369
24000000 a 25000000;58805;67,70797157287598
25000000 a 26000000;58600;73,43563914299011
26000000 a 27000000;58538;77,40955209732056
27000000 a 28000000;58365;74,7695586681366
28000000 a 29000000;58246;74,64359545707703
29000000 a 30000000;58183;75,39387941360474
30000000 a 31000000;58120;75,67668867111206
31000000 a 32000000;57836;76,7647933959961
32000000 a 33000000;57852;76,69352054595947
33000000 a 34000000;57712;78,69022583961487
34000000 a 35000000;57396;77,73759627342224
35000000 a 36000000;57487;76,06518912315369
36000000 a 37000000;57361;75,22937774658203
37000000 a 38000000;57343;76,86497259140015
38000000 a 39000000;57436;77,69226813316345
39000000 a 40000000;57252;77,83237981796265
40000000 a 41000000;57102;80,28831553459167
41000000 a 42000000;56864;82,54438042640686
42000000 a 43000000;56915;81,72800827026367
43000000 a 44000000;56849;82,73929810523987
44000000 a 45000000;56776;83,69574546813965
45000000 a 46000000;56893;87,48153781890869
46000000 a 47000000;56640;87,60780167579651
47000000 a 48000000;56451;87,13346529006958
48000000 a 49000000;56387;87,09465789794922
49000000 a 50000000;56603;87,67358231544495
50000000 a 51000000;56360;89,31669211387634
51000000 a 52000000;56349;93,74657964706421
52000000 a 53000000;56209;95,11177134513855
53000000 a 54000000;56151;95,13864493370056
54000000 a 55000000;55997;87,56785821914673
55000000 a 56000000;56130;89,60077428817749
56000000 a 57000000;56105;88,1647596359253
57000000 a 58000000;55901;91,19716167449951
58000000 a 59000000;55978;92,80889987945557
59000000 a 60000000;55801;92,0793251991272
60000000 a 61000000;55930;97,31281089782715
61000000 a 62000000;55555;91,38909864425659
62000000 a 63000000;55706;94,32687711715698
63000000 a 64000000;55780;94,47892236709595
64000000 a 65000000;55468;92,94453382492065
65000000 a 66000000;55569;95,89215302467346
66000000 a 67000000;55644;97,22212100028992
67000000 a 68000000;55575;96,60765099525452
68000000 a 69000000;55332;101,0233805179596
69000000 a 70000000;55390;96,30751609802246
70000000 a 71000000;55309;97,92330956459045
71000000 a 72000000;55285;97,2594382762909
72000000 a 73000000;55431;121,62816739082336
73000000 a 74000000;55165;128,5163769721985
74000000 a 75000000;55050;115,71752715110779
75000000 a 76000000;55307;116,91305708885193
76000000 a 77000000;54924;119,09451484680176
77000000 a 78000000;55009;111,59068965911865
78000000 a 79000000;54900;108,45497632026672
79000000 a 80000000;54938;109,05386972427368
80000000 a 81000000;55027;109,61297965049744
81000000 a 82000000;55021;112,77306628227234
82000000 a 83000000;54887;112,91072344779968
83000000 a 84000000;54822;113,68515539169312
84000000 a 85000000;54592;120,84244680404663
85000000 a 86000000;54739;118,79040551185608
86000000 a 87000000;54710;117,78315591812134
87000000 a 88000000;54652;119,71803402900696
88000000 a 89000000;54733;134,09756183624268
89000000 a 90000000;54389;134,2710349559784
90000000 a 91000000;54705;135,3827919960022
91000000 a 92000000;54578;132,8458662033081
92000000 a 93000000;54444;134,42017221450806
93000000 a 94000000;54423;124,26389002799988
94000000 a 95000000;54645;120,4160966873169
95000000 a 96000000;54452;121,49569892883301
96000000 a 97000000;54364;123,76813840866089
97000000 a 98000000;54431;130,9509620666504
98000000 a 99000000;54127;120,44501543045044
99000000 a 100000000;54332;124,97739052772522
100000000 a 101000000;54208;126,67784690856934
101000000 a 102000000;54316;127,68414855003357
102000000 a 103000000;54304;127,82227730751038
103000000 a 104000000;54206;129,2504961490631
104000000 a 105000000;54207;128,10055708885193
105000000 a 106000000;54071;127,0972363948822
106000000 a 107000000;54061;128,94630241394043
107000000 a 108000000;54135;125,71492862701416
108000000 a 109000000;54215;128,52541828155518
109000000 a 110000000;54131;131,30697512626648
110000000 a 111000000;53932;125,92536401748657
111000000 a 112000000;53816;128,3234624862671
112000000 a 113000000;54004;131,0696098804474
113000000 a 114000000;53792;131,59070920944214
114000000 a 115000000;53797;130,53603529930115
115000000 a 116000000;53913;130,6138334274292
116000000 a 117000000;53883;132,204585313797
117000000 a 118000000;53772;131,6859655380249
118000000 a 119000000;53678;134,07659602165222
119000000 a 120000000;53752;132,23748636245728
120000000 a 121000000;53619;133,82723593711853
121000000 a 122000000;53769;135,71917963027954
122000000 a 123000000;53636;137,81211733818054
123000000 a 124000000;53808;135,00010466575623
124000000 a 125000000;53662;137,05362343788147
125000000 a 126000000;53672;137,29795908927917
126000000 a 127000000;53613;136,8636257648468
127000000 a 128000000;53608;138,59848761558533
128000000 a 129000000;53698;138,23047542572021
129000000 a 130000000;53454;137,46402096748352
130000000 a 131000000;53518;141,448965549469
131000000 a 132000000;53484;139,41031002998352
132000000 a 133000000;53363;139,42527627944946
133000000 a 134000000;53382;139,8027696609497
134000000 a 135000000;53527;139,6486895084381
135000000 a 136000000;53268;140,92530131340027
136000000 a 137000000;53479;140,77018690109253
137000000 a 138000000;53282;141,80041694641113
138000000 a 139000000;53338;143,5083727836609
139000000 a 140000000;53371;143,0929732322693
140000000 a 141000000;53101;147,2204442024231
141000000 a 142000000;53317;143,35527205467224
142000000 a 143000000;53432;143,51782608032227
143000000 a 144000000;53355;145,7583405971527
144000000 a 145000000;53189;144,072368144989
145000000 a 146000000;53193;143,0266468524933
146000000 a 147000000;53301;148,31402111053467
147000000 a 148000000;53118;147,59841871261597
148000000 a 149000000;53150;153,52209568023682
149000000 a 150000000;53041;146,3258273601532
150000000 a 151000000;52996;148,95579385757446
151000000 a 152000000;53046;146,54523754119873
152000000 a 153000000;52979;150,50465321540833
153000000 a 154000000;53160;147,0833134651184
154000000 a 155000000;52976;147,31117820739746
155000000 a 156000000;53072;157,7378625869751
156000000 a 157000000;53060;155,41604161262512
157000000 a 158000000;52959;157,1225070953369
158000000 a 159000000;52805;155,30483102798462
159000000 a 160000000;53009;154,26259636878967
160000000 a 161000000;53054;154,1419322490692
161000000 a 162000000;52717;149,49834728240967
162000000 a 163000000;52914;150,66474866867065
163000000 a 164000000;53114;152,49383091926575
164000000 a 165000000;52725;153,08825397491455
165000000 a 166000000;52682;152,56913566589355
166000000 a 167000000;52884;153,8572382926941
167000000 a 168000000;52916;152,4848551750183
168000000 a 169000000;52749;154,51550889015198
169000000 a 170000000;52870;154,179847240448
170000000 a 171000000;52738;155,08591222763062
171000000 a 172000000;52856;154,227698802948
172000000 a 173000000;52703;156,12462663650513
173000000 a 174000000;52792;157,99662518501282
174000000 a 175000000;52600;158,27289056777954
175000000 a 176000000;52787;158,50526595115662
176000000 a 177000000;52711;158,66235446929932
177000000 a 178000000;52765;160,1418948173523
178000000 a 179000000;52555;158,56211614608765
179000000 a 180000000;52795;162,9462766647339
180000000 a 181000000;52394;162,79828715324402
181000000 a 182000000;52502;165,17395758628845
182000000 a 183000000;52315;166,28797149658203
183000000 a 184000000;52649;166,72877430915833
184000000 a 185000000;52741;164,20553278923035
185000000 a 186000000;52574;158,63542675971985
186000000 a 187000000;52437;156,936949968338
187000000 a 188000000;52560;163,33988666534424
188000000 a 189000000;52392;165,3274896144867
189000000 a 190000000;52524;162,16947174072266
190000000 a 191000000;52299;161,36462354660034
191000000 a 192000000;52255;160,07957005500793
192000000 a 193000000;52534;162,8591332435608
193000000 a 194000000;52465;163,47098636627197
194000000 a 195000000;52551;163,12938404083252
195000000 a 196000000;52321;163,36379146575928
196000000 a 197000000;52226;164,82237911224365
197000000 a 198000000;52154;163,56125164031982
198000000 a 199000000;52296;163,90338134765625
199000000 a 200000000;52363;163,84897756576538
200000000 a 201000000;52326;149,47671270370483
201000000 a 202000000;52386;145,17453908920288
202000000 a 203000000;52139;149,2561490535736
203000000 a 204000000;52385;188,67654061317444
204000000 a 205000000;52300;183,11708283424377
205000000 a 206000000;52177;176,84928917884827
206000000 a 207000000;52281;190,62342882156372
207000000 a 208000000;52284;181,62498307228088
208000000 a 209000000;52084;160,0104420185089
209000000 a 210000000;52327;154,9431550502777
210000000 a 211000000;52037;160,52756476402283
211000000 a 212000000;52201;170,37572026252747
212000000 a 213000000;52149;154,50000882148743
213000000 a 214000000;52011;171,43497562408447
214000000 a 215000000;52244;167,04461789131165
215000000 a 216000000;52125;156,79509949684143
216000000 a 217000000;52014;161,66726350784302
217000000 a 218000000;52029;163,0664086341858
218000000 a 219000000;52096;166,0050389766693
219000000 a 220000000;52008;168,01316952705383
220000000 a 221000000;51937;176,27346110343933
221000000 a 222000000;52086;175,01728439331055
222000000 a 223000000;52149;166,91185641288757
223000000 a 224000000;52053;163,50143480300903
224000000 a 225000000;52110;166,55644822120667
225000000 a 226000000;51854;162,23157405853271
226000000 a 227000000;52026;184,37360858917236
227000000 a 228000000;51782;159,15882062911987
228000000 a 229000000;52117;156,20214462280273
229000000 a 230000000;51919;154,72508025169373
230000000 a 231000000;52026;151,58308053016663
231000000 a 232000000;51946;149,26361274719238
232000000 a 233000000;51886;151,03780436515808
233000000 a 234000000;51595;152,3393850326538
234000000 a 235000000;51991;155,75328540802002
235000000 a 236000000;51891;179,40367889404297
236000000 a 237000000;51987;195,4755003452301
237000000 a 238000000;52003;153,96953558921814
238000000 a 239000000;51924;157,73051929473877
239000000 a 240000000;51722;155,44016480445862
240000000 a 241000000;52073;151,88008499145508
241000000 a 242000000;51674;170,3543689250946
242000000 a 243000000;51625;179,49700808525085
243000000 a 244000000;51704;152,71833634376526
244000000 a 245000000;52040;157,525484085083
245000000 a 246000000;51723;158,9606649875641
246000000 a 247000000;51693;158,33039569854736
247000000 a 248000000;51695;158,82952332496643
248000000 a 249000000;51780;162,33361172676086
249000000 a 250000000;51767;158,24319458007812
250000000 a 251000000;51732;162,06487250328064
251000000 a 252000000;51632;170,90374183654785
252000000 a 253000000;51679;161,7448432445526
253000000 a 254000000;51722;169,41133093833923
254000000 a 255000000;51734;165,06117177009583
255000000 a 256000000;51720;177,75204610824585
256000000 a 257000000;51447;185,394549369812
257000000 a 258000000;51731;179,27431392669678
258000000 a 259000000;51595;206,71038246154785
259000000 a 260000000;51550;204,1662540435791
260000000 a 261000000;51711;234,08621764183044
261000000 a 262000000;51581;224,14470767974854
262000000 a 263000000;51799;228,07518768310547
263000000 a 264000000;51268;220,76826310157776
264000000 a 265000000;51566;211,72443747520447
265000000 a 266000000;51807;204,15217900276184
266000000 a 267000000;51294;197,4247055053711
267000000 a 268000000;51562;191,69066715240479
268000000 a 269000000;51595;188,62974882125854
269000000 a 270000000;51341;185,6866946220398
270000000 a 271000000;51478;187,10991740226746
271000000 a 272000000;51352;188,5534098148346
272000000 a 273000000;51483;189,13896465301514
273000000 a 274000000;51598;188,55795192718506
274000000 a 275000000;51551;188,0787148475647
275000000 a 276000000;51521;188,20388770103455
276000000 a 277000000;51450;188,87632203102112
277000000 a 278000000;51450;189,06066346168518
278000000 a 279000000;51311;188,41287875175476
279000000 a 280000000;51491;190,2135751247406
280000000 a 281000000;51407;191,23631048202515
281000000 a 282000000;51538;189,3009476661682
282000000 a 283000000;51262;191,54600858688354
283000000 a 284000000;51398;192,79165387153625
284000000 a 285000000;51207;189,33383321762085
285000000 a 286000000;51331;190,5904986858368
286000000 a 287000000;51190;189,94634461402893
287000000 a 288000000;51441;193,52917981147766
288000000 a 289000000;51386;193,76999402046204
289000000 a 290000000;51434;194,00392246246338
290000000 a 291000000;51175;191,09914016723633
291000000 a 292000000;51343;193,85525584220886
292000000 a 293000000;51289;191,0159387588501
293000000 a 294000000;51410;195,97807908058167
294000000 a 295000000;51322;195,9845654964447
295000000 a 296000000;51096;192,4994924068451
296000000 a 297000000;51299;194,41673684120178
297000000 a 298000000;51346;193,54115223884583
298000000 a 299000000;51024;194,6247022151947
299000000 a 300000000;51358;197,07921957969666
300000000 a 301000000;51300;195,85198211669922
301000000 a 302000000;51257;195,81156182289124
302000000 a 303000000;51111;195,36069130897522
303000000 a 304000000;51071;196,82038927078247
304000000 a 305000000;51360;197,93192553520203
305000000 a 306000000;51183;198,25000643730164
306000000 a 307000000;51182;198,43251085281372
307000000 a 308000000;51180;196,34020471572876
308000000 a 309000000;51355;197,9589204788208
309000000 a 310000000;51197;197,88667941093445
310000000 a 311000000;51117;197,47304320335388
311000000 a 312000000;50992;198,6704342365265
312000000 a 313000000;51252;199,16805839538574
313000000 a 314000000;51079;198,47055053710938
314000000 a 315000000;51082;200,61267471313477
315000000 a 316000000;51090;197,73648238182068
316000000 a 317000000;51083;201,6713409423828
317000000 a 318000000;51096;201,88129544258118
318000000 a 319000000;50876;200,28814220428467
319000000 a 320000000;51018;202,17207288742065
320000000 a 321000000;51106;202,3758566379547
321000000 a 322000000;50896;202,64022254943848
322000000 a 323000000;51084;202,9824104309082
323000000 a 324000000;51141;203,02429914474487
324000000 a 325000000;50905;204,50079917907715
325000000 a 326000000;51046;204,24702310562134
326000000 a 327000000;51069;205,01199579238892
327000000 a 328000000;51094;204,6634383201599
328000000 a 329000000;50818;204,85950016975403
329000000 a 330000000;51110;205,63872408866882
330000000 a 331000000;50717;205,79601120948792
331000000 a 332000000;50996;210,19997692108154
332000000 a 333000000;51080;208,88333106040955
333000000 a 334000000;50908;201,58618664741516
334000000 a 335000000;50971;201,56915855407715
335000000 a 336000000;50854;208,24318599700928
336000000 a 337000000;50871;208,2766089439392
337000000 a 338000000;50904;210,90932869911194
338000000 a 339000000;50998;207,2171003818512
339000000 a 340000000;50831;228,0967197418213
340000000 a 341000000;51115;225,20567345619202
341000000 a 342000000;50907;244,80573678016663
342000000 a 343000000;50785;242,02067303657532
343000000 a 344000000;50958;244,88630509376526
344000000 a 345000000;50971;224,17469096183777
345000000 a 346000000;50860;224,98028588294983
346000000 a 347000000;50855;221,12181401252747
347000000 a 348000000;50660;221,7163119316101
348000000 a 349000000;50699;220,9324185848236
349000000 a 350000000;51111;213,80126357078552
350000000 a 351000000;50743;201,10098457336426
351000000 a 352000000;50722;212,0319697856903
352000000 a 353000000;50906;207,2480504512787
353000000 a 354000000;50780;201,95473957061768
354000000 a 355000000;50860;206,49476671218872
355000000 a 356000000;50766;213,15117764472961
356000000 a 357000000;50763;209,54528713226318
357000000 a 358000000;50761;209,0201814174652
358000000 a 359000000;50806;211,69655680656433
359000000 a 360000000;50655;212,8160285949707
360000000 a 361000000;50552;209,37929725646973
361000000 a 362000000;50727;206,0571093559265
362000000 a 363000000;50787;193,46776509284973
363000000 a 364000000;50795;199,63674330711365
364000000 a 365000000;50661;199,90073156356812
365000000 a 366000000;50812;200,65860724449158
366000000 a 367000000;50816;198,13736176490784
367000000 a 368000000;50720;197,54305863380432
368000000 a 369000000;50627;189,85614347457886
369000000 a 370000000;50620;191,2832944393158
370000000 a 371000000;50471;191,23179483413696
371000000 a 372000000;50761;190,2689869403839
372000000 a 373000000;50571;190,31140184402466
373000000 a 374000000;50598;190,1757574081421
374000000 a 375000000;50948;191,2841818332672
375000000 a 376000000;50737;191,2222626209259
376000000 a 377000000;50748;198,44873762130737
377000000 a 378000000;50778;203,237163066864
378000000 a 379000000;50710;196,3546760082245
379000000 a 380000000;50646;204,50998640060425
380000000 a 381000000;50762;201,96661972999573
381000000 a 382000000;50606;201,57412481307983
382000000 a 383000000;50621;196,12430477142334
383000000 a 384000000;50444;189,53796648979187
384000000 a 385000000;50654;191,69966459274292
385000000 a 386000000;50422;197,66288113594055
386000000 a 387000000;50575;204,30303120613098
387000000 a 388000000;50707;203,9877369403839
388000000 a 389000000;50478;198,24421787261963
389000000 a 390000000;50568;206,0776071548462
390000000 a 391000000;50401;204,64692974090576
391000000 a 392000000;50533;208,3429892063141
392000000 a 393000000;50697;206,74029231071472
393000000 a 394000000;50340;194,23080945014954
394000000 a 395000000;50604;191,21597003936768
395000000 a 396000000;50502;196,28525614738464
396000000 a 397000000;50395;194,44516944885254
397000000 a 398000000;50580;196,01860332489014
398000000 a 399000000;50355;195,5593385696411
399000000 a 400000000;50709;196,37222599983215
400000000 a 401000000;50426;197,59731006622314
401000000 a 402000000;50407;198,1460256576538
402000000 a 403000000;50482;202,64056253433228
403000000 a 404000000;50479;197,9778299331665
404000000 a 405000000;50470;198,4072391986847
405000000 a 406000000;50559;197,10319304466248
406000000 a 407000000;50441;197,5848777294159
407000000 a 408000000;50360;197,6994981765747
408000000 a 409000000;50410;198,5856854915619
409000000 a 410000000;50353;200,64275670051575
410000000 a 411000000;50501;198,88142204284668
411000000 a 412000000;50360;200,34841656684875
412000000 a 413000000;50423;199,4732894897461
413000000 a 414000000;50408;201,21610641479492
414000000 a 415000000;50420;200,36039423942566
415000000 a 416000000;50399;200,27217936515808
416000000 a 417000000;50424;200,6951243877411
417000000 a 418000000;50383;198,64447617530823
418000000 a 419000000;50311;203,2403438091278
419000000 a 420000000;50137;205,49381375312805
420000000 a 421000000;50385;202,9979772567749
421000000 a 422000000;50446;201,8107452392578
422000000 a 423000000;50288;204,84037613868713
423000000 a 424000000;50420;230,37742567062378
424000000 a 425000000;50490;238,56931829452515
425000000 a 426000000;50431;203,61283540725708
426000000 a 427000000;50151;212,8228554725647
427000000 a 428000000;50305;212,12014317512512
428000000 a 429000000;50385;211,48340225219727
429000000 a 430000000;50270;218,74379515647888
430000000 a 431000000;50310;221,50507879257202
431000000 a 432000000;50191;220,7149157524109
432000000 a 433000000;50245;202,3859987258911
433000000 a 434000000;50168;198,32168054580688
434000000 a 435000000;50477;196,99436473846436
435000000 a 436000000;50215;197,38468146324158
436000000 a 437000000;50194;197,15507340431213
437000000 a 438000000;50250;199,95143055915833
438000000 a 439000000;50374;197,89944672584534
439000000 a 440000000;50081;198,98558402061462
440000000 a 441000000;50401;200,15197086334229
441000000 a 442000000;50264;199,02425074577332
442000000 a 443000000;50407;198,61302733421326
443000000 a 444000000;50197;205,27393531799316
444000000 a 445000000;50211;222,84631848335266
445000000 a 446000000;50031;224,78364849090576
446000000 a 447000000;50312;224,4411382675171
447000000 a 448000000;50289;224,0659670829773
448000000 a 449000000;50167;226,4046766757965
449000000 a 450000000;50204;227,85067701339722
450000000 a 451000000;50118;225,12101531028748
451000000 a 452000000;50222;225,18424081802368
452000000 a 453000000;50082;227,39805579185486
453000000 a 454000000;50275;226,32679796218872
454000000 a 455000000;50110;224,92237663269043
455000000 a 456000000;50268;227,7440423965454
456000000 a 457000000;50326;228,4876389503479
457000000 a 458000000;49854;225,73289942741394
458000000 a 459000000;50115;227,9460334777832
459000000 a 460000000;50140;213,22031140327454
460000000 a 461000000;50082;242,79214763641357
461000000 a 462000000;50122;354,6698160171509
462000000 a 463000000;50254;357,8795335292816
463000000 a 464000000;50190;260,2757682800293
464000000 a 465000000;49975;250,23953676223755
465000000 a 466000000;50199;245,45476913452148
466000000 a 467000000;50191;216,71103286743164
467000000 a 468000000;50152;209,3660922050476
468000000 a 469000000;50075;208,90192818641663
469000000 a 470000000;49930;209,21196937561035
470000000 a 471000000;50123;210,2485227584839
471000000 a 472000000;50181;221,6437747478485
472000000 a 473000000;49846;228,5896863937378
473000000 a 474000000;50054;228,10674667358398
474000000 a 475000000;49908;234,1997389793396
475000000 a 476000000;50066;236,6467249393463
476000000 a 477000000;50051;233,6710910797119
477000000 a 478000000;50224;241,9134328365326
478000000 a 479000000;50033;264,9739615917206
479000000 a 480000000;50220;285,2629339694977
480000000 a 481000000;50001;276,0354256629944
481000000 a 482000000;49949;247,13247513771057
482000000 a 483000000;49960;254,016343832016
483000000 a 484000000;50017;267,5393080711365
484000000 a 485000000;50090;237,80360198020935
485000000 a 486000000;50019;234,18338775634766
486000000 a 487000000;49956;214,26982426643372
487000000 a 488000000;50011;224,79536819458008
488000000 a 489000000;49816;223,1743426322937
489000000 a 490000000;50125;225,43235540390015
490000000 a 491000000;49937;239,61545300483704
491000000 a 492000000;49896;258,456906080246
492000000 a 493000000;50009;239,20483922958374
493000000 a 494000000;50042;218,11914038658142
494000000 a 495000000;49855;219,5475971698761
495000000 a 496000000;50127;215,61968207359314
496000000 a 497000000;49885;256,6607520580292
497000000 a 498000000;49965;233,12023520469666
498000000 a 499000000;49894;250,96418237686157
499000000 a 500000000;49889;260,4484033584595
500000000 a 501000000;49918;237,01296591758728
501000000 a 502000000;49758;260,8033969402313
502000000 a 503000000;49591;259,66244888305664
503000000 a 504000000;50038;249,0606119632721
504000000 a 505000000;49851;224,03105401992798
505000000 a 506000000;49806;235,8640480041504
506000000 a 507000000;49925;225,02549028396606
507000000 a 508000000;49813;226,3364918231964
508000000 a 509000000;49821;227,12338709831238
509000000 a 510000000;49864;227,33076643943787
510000000 a 511000000;49651;228,46354722976685
511000000 a 512000000;49919;228,47064757347107
512000000 a 513000000;49842;228,2814667224884
513000000 a 514000000;49799;230,19353890419006
514000000 a 515000000;49667;226,71739792823792
515000000 a 516000000;49794;226,57972025871277
516000000 a 517000000;50077;228,1563799381256
517000000 a 518000000;49948;231,1288936138153
518000000 a 519000000;49867;229,10682654380798
519000000 a 520000000;49871;235,99880027770996
520000000 a 521000000;49694;231,7460732460022
521000000 a 522000000;49806;237,36466312408447
522000000 a 523000000;49760;231,2494900226593
523000000 a 524000000;49894;228,88493585586548
524000000 a 525000000;49765;232,64827847480774
525000000 a 526000000;49707;229,53174448013306
526000000 a 527000000;49880;228,22713112831116
527000000 a 528000000;49953;229,83346366882324
528000000 a 529000000;49792;229,35882997512817
529000000 a 530000000;49760;231,62465000152588
530000000 a 531000000;49734;234,92602729797363
531000000 a 532000000;49727;233,34695672988892
532000000 a 533000000;49823;238,9953989982605
533000000 a 534000000;49771;231,04898381233215
534000000 a 535000000;49691;243,0666525363922
535000000 a 536000000;49887;246,69353985786438
536000000 a 537000000;49789;238,02674412727356
537000000 a 538000000;49789;234,41377973556519
538000000 a 539000000;49694;234,3535966873169
539000000 a 540000000;49778;243,6551034450531
540000000 a 541000000;49746;236,24502158164978
541000000 a 542000000;49647;236,81356024742126
542000000 a 543000000;49639;233,0220925807953
543000000 a 544000000;49572;236,1590781211853
544000000 a 545000000;49664;232,10948944091797
545000000 a 546000000;49811;235,65554428100586
546000000 a 547000000;49558;231,70702290534973
547000000 a 548000000;49833;234,05963516235352
548000000 a 549000000;49735;231,22785186767578
549000000 a 550000000;49770;234,0832552909851
550000000 a 551000000;49864;235,18140387535095
551000000 a 552000000;49740;235,1614625453949
552000000 a 553000000;49807;232,11263847351074
553000000 a 554000000;49707;234,4128658771515
554000000 a 555000000;49520;237,8460178375244
555000000 a 556000000;49623;236,0160322189331
556000000 a 557000000;49639;236,31185865402222
557000000 a 558000000;49725;236,2000961303711
558000000 a 559000000;49687;238,75925469398499
559000000 a 560000000;49482;235,63506269454956
560000000 a 561000000;49641;238,7356572151184
561000000 a 562000000;49705;237,93196439743042
562000000 a 563000000;49623;238,0157551765442
563000000 a 564000000;49685;233,06181263923645
564000000 a 565000000;49550;236,00103950500488
565000000 a 566000000;49579;234,8640604019165
566000000 a 567000000;49551;240,3974905014038
567000000 a 568000000;49656;236,1447331905365
568000000 a 569000000;49698;239,45278763771057
569000000 a 570000000;49448;238,17647671699524
570000000 a 571000000;49569;235,68696355819702
571000000 a 572000000;49552;240,6934733390808
572000000 a 573000000;49659;237,43125939369202
573000000 a 574000000;49665;235,35292267799377
574000000 a 575000000;49571;251,58922934532166
575000000 a 576000000;49505;252,4399664402008
576000000 a 577000000;49653;253,6004376411438
577000000 a 578000000;49521;248,5941128730774
578000000 a 579000000;49473;243,11844182014465
579000000 a 580000000;49721;243,94114303588867
580000000 a 581000000;49547;243,4790759086609
581000000 a 582000000;49462;244,28930568695068
582000000 a 583000000;49739;245,1879105567932
583000000 a 584000000;49603;243,9689426422119
584000000 a 585000000;49329;247,28399276733398
585000000 a 586000000;49515;245,33005380630493
586000000 a 587000000;49507;244,7573642730713
587000000 a 588000000;49533;244,3877296447754
588000000 a 589000000;49393;248,301335811615
589000000 a 590000000;49741;245,70810961723328
590000000 a 591000000;49677;249,69738960266113
591000000 a 592000000;49626;257,5307791233063
592000000 a 593000000;49415;260,3514702320099
593000000 a 594000000;49487;254,28469038009644
594000000 a 595000000;49473;251,3725459575653
595000000 a 596000000;49781;250,96550512313843
596000000 a 597000000;49581;252,5731954574585
597000000 a 598000000;49332;254,388352394104
598000000 a 599000000;49417;248,99395370483398
599000000 a 600000000;49370;253,02184748649597
600000000 a 601000000;49623;270,937331199646
601000000 a 602000000;49443;277,7699284553528
602000000 a 603000000;49477;281,9524347782135
603000000 a 604000000;49756;268,6243472099304
604000000 a 605000000;49477;257,87450981140137
605000000 a 606000000;49207;267,10393810272217
606000000 a 607000000;49509;279,0121064186096
607000000 a 608000000;49433;270,3360939025879
608000000 a 609000000;49418;262,6038773059845
609000000 a 610000000;49398;259,68329095840454
610000000 a 611000000;49432;258,4124252796173
611000000 a 612000000;49338;260,0555031299591
612000000 a 613000000;49620;258,5641450881958
613000000 a 614000000;49365;260,4280698299408
614000000 a 615000000;49472;260,44890117645264
615000000 a 616000000;49439;266,1596210002899
616000000 a 617000000;49287;263,03065061569214
617000000 a 618000000;49084;280,1815757751465
618000000 a 619000000;49419;274,378130197525
619000000 a 620000000;49488;310,38734245300293
620000000 a 621000000;49389;303,6883180141449
621000000 a 622000000;49317;293,956228017807
622000000 a 623000000;49310;288,4278178215027
623000000 a 624000000;49446;304,25438618659973
624000000 a 625000000;49485;311,6668953895569
625000000 a 626000000;49220;277,01724767684937
626000000 a 627000000;49431;311,31455063819885
627000000 a 628000000;49619;303,5235390663147
628000000 a 629000000;49319;310,62766122817993
629000000 a 630000000;49305;300,0621840953827
630000000 a 631000000;49294;282,1448721885681
631000000 a 632000000;49446;269,07950019836426
632000000 a 633000000;49147;286,798805475235
633000000 a 634000000;49285;287,6227238178253
634000000 a 635000000;49407;282,3088171482086
635000000 a 636000000;49380;280,11613726615906
636000000 a 637000000;49382;288,66897988319397
637000000 a 638000000;49365;278,1435570716858
638000000 a 639000000;49261;285,3779847621918
639000000 a 640000000;49254;280,36762833595276
640000000 a 641000000;49513;302,27899742126465
641000000 a 642000000;49218;292,4712154865265
642000000 a 643000000;49274;280,21442770957947
643000000 a 644000000;49204;282,70249605178833
644000000 a 645000000;49098;280,0227429866791
645000000 a 646000000;49503;280,48702573776245
646000000 a 647000000;49213;265,2637960910797
647000000 a 648000000;49400;266,1703929901123
648000000 a 649000000;49257;268,2186667919159
649000000 a 650000000;49265;267,3016188144684
650000000 a 651000000;49427;266,5213785171509
651000000 a 652000000;49171;268,5122079849243
652000000 a 653000000;49293;270,1743574142456
653000000 a 654000000;49322;303,96792364120483
654000000 a 655000000;49183;319,5884680747986
655000000 a 656000000;49200;316,1614918708801
656000000 a 657000000;49320;310,7288088798523
657000000 a 658000000;49323;325,4118480682373
658000000 a 659000000;49222;297,1097996234894
659000000 a 660000000;49314;311,97473430633545
660000000 a 661000000;49291;311,10380268096924
661000000 a 662000000;49327;295,0693390369415
662000000 a 663000000;49199;297,9266333580017
663000000 a 664000000;49333;276,561635017395
664000000 a 665000000;49004;291,59953689575195
665000000 a 666000000;49356;289,0375883579254
666000000 a 667000000;49201;290,309960603714
667000000 a 668000000;49065;271,3958959579468
668000000 a 669000000;49212;269,5097711086273
669000000 a 670000000;49161;275,6295816898346
670000000 a 671000000;49349;284,7892758846283
671000000 a 672000000;49070;282,37453961372375
672000000 a 673000000;49318;281,03906202316284
673000000 a 674000000;49163;286,81678891181946
674000000 a 675000000;49129;279,031001329422
675000000 a 676000000;49084;274,1455628871918
676000000 a 677000000;49056;273,95991706848145
677000000 a 678000000;49063;273,1498486995697
678000000 a 679000000;49292;269,53314185142517
679000000 a 680000000;49324;280,75298404693604
680000000 a 681000000;48858;271,1103250980377
681000000 a 682000000;49242;304,423317193985
682000000 a 683000000;48937;328,1035122871399
683000000 a 684000000;49263;286,9186942577362
684000000 a 685000000;49275;365,23848938941956
685000000 a 686000000;49219;334,14469027519226
686000000 a 687000000;49307;303,64444375038147
687000000 a 688000000;49021;299,925012588501
688000000 a 689000000;49253;261,4691836833954
689000000 a 690000000;49205;259,88945484161377
690000000 a 691000000;49289;262,41203260421753
691000000 a 692000000;49067;257,2077281475067
692000000 a 693000000;49020;268,65258407592773
693000000 a 694000000;49041;276,19903683662415
694000000 a 695000000;49306;267,7035253047943
695000000 a 696000000;49259;262,4242482185364
696000000 a 697000000;49101;265,51897048950195
697000000 a 698000000;48987;260,61474871635437
698000000 a 699000000;48970;259,0320267677307
699000000 a 700000000;49144;266,763379573822
700000000 a 701000000;49058;263,1860203742981
701000000 a 702000000;49157;267,13850140571594
702000000 a 703000000;49171;262,07098937034607
703000000 a 704000000;49061;260,0225512981415
704000000 a 705000000;49046;265,4124472141266
705000000 a 706000000;49100;254,24259209632874
706000000 a 707000000;49028;255,7695186138153
707000000 a 708000000;49133;254,97158408164978
708000000 a 709000000;49097;257,8783390522003
709000000 a 710000000;49123;256,7724537849426
710000000 a 711000000;48926;253,3996593952179
711000000 a 712000000;49081;257,6011245250702
712000000 a 713000000;49165;259,97760486602783
713000000 a 714000000;48935;255,94801664352417
714000000 a 715000000;49028;257,4156403541565
715000000 a 716000000;48838;258,4230372905731
716000000 a 717000000;49106;259,25568652153015
717000000 a 718000000;49101;262,25670766830444
718000000 a 719000000;48916;263,8881711959839
719000000 a 720000000;49047;262,2872085571289
720000000 a 721000000;49179;262,5114951133728
721000000 a 722000000;49007;261,44229459762573
722000000 a 723000000;49076;259,53351616859436
723000000 a 724000000;49128;258,8569254875183
724000000 a 725000000;49075;257,647079706192
725000000 a 726000000;48877;265,2029469013214
726000000 a 727000000;48906;263,06964921951294
727000000 a 728000000;49187;260,85195446014404
728000000 a 729000000;48871;258,627384185791
729000000 a 730000000;48816;261,2334244251251
730000000 a 731000000;48977;261,380229473114
731000000 a 732000000;48983;261,59799242019653
732000000 a 733000000;48939;261,3869366645813
733000000 a 734000000;49022;261,8343594074249
734000000 a 735000000;48867;258,8863456249237
735000000 a 736000000;49025;263,75720477104187
736000000 a 737000000;48916;267,0768983364105
737000000 a 738000000;48971;265,0248908996582
738000000 a 739000000;49042;265,5289764404297
739000000 a 740000000;49075;268,1162519454956
740000000 a 741000000;48995;263,0750894546509
741000000 a 742000000;49195;266,36868357658386
742000000 a 743000000;48949;268,4370310306549
743000000 a 744000000;48763;262,64165353775024
744000000 a 745000000;48943;262,71204471588135
745000000 a 746000000;48852;265,9837872982025
746000000 a 747000000;48728;260,87553548812866
747000000 a 748000000;49033;263,71823811531067
748000000 a 749000000;48693;264,5081126689911
749000000 a 750000000;49043;262,33754444122314
750000000 a 751000000;48793;264,0104250907898
751000000 a 752000000;48969;267,2836616039276
752000000 a 753000000;48925;263,0186231136322
753000000 a 754000000;48743;267,40800070762634
754000000 a 755000000;48977;265,37242126464844
755000000 a 756000000;49232;269,6395299434662
756000000 a 757000000;48897;265,00378823280334
757000000 a 758000000;48857;266,24417543411255
758000000 a 759000000;48631;264,0615077018738
759000000 a 760000000;49014;265,0514853000641
760000000 a 761000000;48886;261,42646837234497
761000000 a 762000000;48976;268,93349051475525
762000000 a 763000000;49060;272,33383345603943
763000000 a 764000000;48643;283,8656277656555
764000000 a 765000000;48711;281,60565423965454
765000000 a 766000000;48744;261,6837863922119
766000000 a 767000000;48818;277,37113189697266
767000000 a 768000000;49014;291,17891001701355
768000000 a 769000000;48930;329,9152946472168
769000000 a 770000000;48978;329,8909811973572
770000000 a 771000000;48939;306,81866121292114
771000000 a 772000000;48908;324,2755162715912
772000000 a 773000000;48916;317,5812830924988
773000000 a 774000000;48755;305,00700759887695
774000000 a 775000000;48854;299,5410244464874
775000000 a 776000000;48773;299,0238952636719
776000000 a 777000000;48773;276,04587054252625
777000000 a 778000000;48946;263,4505715370178
778000000 a 779000000;48781;259,53050804138184
779000000 a 780000000;48852;260,10093569755554
780000000 a 781000000;48855;256,61232805252075
781000000 a 782000000;48904;260,831059217453
782000000 a 783000000;48858;260,575138092041
783000000 a 784000000;48988;261,7502794265747
784000000 a 785000000;48817;265,592271566391
785000000 a 786000000;48936;283,17270040512085
786000000 a 787000000;48838;342,4894425868988
787000000 a 788000000;48672;315,679648399353
788000000 a 789000000;48898;311,7080309391022
789000000 a 790000000;49011;273,42782187461853
790000000 a 791000000;48855;306,4582095146179
791000000 a 792000000;48856;272,4105496406555
792000000 a 793000000;48755;268,3874406814575
793000000 a 794000000;48790;263,70824790000916
794000000 a 795000000;48611;261,27983498573303
795000000 a 796000000;48879;263,2211661338806
796000000 a 797000000;48835;260,7587893009186
797000000 a 798000000;49001;262,42631363868713
798000000 a 799000000;48889;261,9236390590668
799000000 a 800000000;48455;260,39869594573975
800000000 a 801000000;48848;260,6868178844452
801000000 a 802000000;48838;263,77414894104004
802000000 a 803000000;48629;264,7651698589325
803000000 a 804000000;48680;262,50852727890015
804000000 a 805000000;49017;262,69705152511597
805000000 a 806000000;48766;263,220822095871
806000000 a 807000000;48894;264,00857734680176
807000000 a 808000000;48782;268,47162222862244
808000000 a 809000000;48719;266,9781198501587
809000000 a 810000000;48835;273,2105782032013
810000000 a 811000000;48839;276,82583379745483
811000000 a 812000000;48541;266,9137785434723
812000000 a 813000000;48704;264,147173166275
813000000 a 814000000;48673;265,2856659889221
814000000 a 815000000;48830;265,6284396648407
815000000 a 816000000;48800;276,8642432689667
816000000 a 817000000;48822;326,60179257392883
817000000 a 818000000;48740;298,23950028419495
818000000 a 819000000;48730;287,93015003204346
819000000 a 820000000;48636;301,1605558395386
820000000 a 821000000;48830;304,31913137435913
821000000 a 822000000;48614;386,5374028682709
822000000 a 823000000;48680;345,99133706092834
823000000 a 824000000;48774;306,7596230506897
824000000 a 825000000;48490;300,6360161304474
825000000 a 826000000;48777;273,38844895362854
826000000 a 827000000;48691;274,4080731868744
827000000 a 828000000;48599;270,2821800708771
828000000 a 829000000;48783;273,98476934432983
829000000 a 830000000;48664;272,51578092575073
830000000 a 831000000;48714;270,1191384792328
831000000 a 832000000;48596;271,13536381721497
832000000 a 833000000;48779;271,6784145832062
833000000 a 834000000;48740;270,50574493408203
834000000 a 835000000;48744;273,8213381767273
835000000 a 836000000;48588;276,9439215660095
836000000 a 837000000;48644;272,8347373008728
837000000 a 838000000;48756;273,57690930366516
838000000 a 839000000;48683;273,42450857162476
839000000 a 840000000;48762;273,00403881073
840000000 a 841000000;48671;270,5080804824829
841000000 a 842000000;48581;268,2511603832245
842000000 a 843000000;48822;270,1604964733124
843000000 a 844000000;48705;269,82156348228455
844000000 a 845000000;48526;268,84095191955566
845000000 a 846000000;48680;269,0853033065796
846000000 a 847000000;48503;271,32603669166565
847000000 a 848000000;48535;269,01694536209106
848000000 a 849000000;48852;270,70806336402893
849000000 a 850000000;48681;267,8300094604492
850000000 a 851000000;48506;271,0214111804962
851000000 a 852000000;48580;273,4896364212036
852000000 a 853000000;48607;268,8665382862091
853000000 a 854000000;48735;272,62260389328003
854000000 a 855000000;48670;270,4563467502594
855000000 a 856000000;48652;273,45854926109314
856000000 a 857000000;48524;270,2584912776947
857000000 a 858000000;48596;274,6849117279053
858000000 a 859000000;48656;274,20133876800537
859000000 a 860000000;48348;270,92895436286926
860000000 a 861000000;48502;272,6848838329315
861000000 a 862000000;48565;270,2776896953583
862000000 a 863000000;48644;269,18475461006165
863000000 a 864000000;48609;271,02470779418945
864000000 a 865000000;48665;273,5775020122528
865000000 a 866000000;48585;273,7669253349304
866000000 a 867000000;48536;273,26677107810974
867000000 a 868000000;48788;272,2095892429352
868000000 a 869000000;48575;274,6436975002289
869000000 a 870000000;48579;274,1873617172241
870000000 a 871000000;48613;271,5968482494354
871000000 a 872000000;48471;271,78721380233765
872000000 a 873000000;48589;273,0074677467346
873000000 a 874000000;48618;273,2822139263153
874000000 a 875000000;48690;274,7457985877991
875000000 a 876000000;48363;272,4075593948364
876000000 a 877000000;48420;273,0956926345825
877000000 a 878000000;48447;277,8584415912628
878000000 a 879000000;48694;274,62945675849915
879000000 a 880000000;48568;272,5417618751526
880000000 a 881000000;48315;275,20361518859863
881000000 a 882000000;48601;275,1952724456787
882000000 a 883000000;48679;274,37084197998047
883000000 a 884000000;48424;275,9401798248291
884000000 a 885000000;48479;275,9999017715454
885000000 a 886000000;48387;275,5792999267578
886000000 a 887000000;48554;275,8239595890045
887000000 a 888000000;48711;276,37804102897644
888000000 a 889000000;48488;277,1006796360016
889000000 a 890000000;48413;277,6953275203705
890000000 a 891000000;48543;276,31068086624146
891000000 a 892000000;48336;275,93398332595825
892000000 a 893000000;48664;272,90537309646606
893000000 a 894000000;48561;276,29372334480286
894000000 a 895000000;48450;274,58678221702576
895000000 a 896000000;48480;274,41518568992615
896000000 a 897000000;48386;272,74869561195374
897000000 a 898000000;48488;276,7904167175293
898000000 a 899000000;48474;276,57338857650757
899000000 a 900000000;48421;274,32694387435913
900000000 a 901000000;48676;289,6823625564575
901000000 a 902000000;48524;287,24425530433655
902000000 a 903000000;48179;290,2387466430664
903000000 a 904000000;48646;304,38232016563416
904000000 a 905000000;48266;274,90321588516235
905000000 a 906000000;48698;272,062292098999
906000000 a 907000000;48600;321,5751440525055
907000000 a 908000000;48554;335,16311502456665
908000000 a 909000000;48399;302,6208975315094
909000000 a 910000000;48800;327,41814947128296
910000000 a 911000000;48509;322,41843914985657
911000000 a 912000000;48604;301,4033122062683
912000000 a 913000000;48662;303,3185017108917
913000000 a 914000000;48193;287,46856331825256
914000000 a 915000000;48642;298,0263032913208
915000000 a 916000000;48482;298,03199791908264
916000000 a 917000000;48509;285,95058131217957
917000000 a 918000000;48263;273,49648785591125
918000000 a 919000000;48556;287,4627687931061
919000000 a 920000000;48606;303,810156583786
920000000 a 921000000;48606;339,92381834983826
921000000 a 922000000;48325;321,3354403972626
922000000 a 923000000;48344;300,1642065048218
923000000 a 924000000;48381;305,69808077812195
924000000 a 925000000;48407;300,07049083709717
925000000 a 926000000;48481;293,37833619117737
926000000 a 927000000;48486;281,8482177257538
927000000 a 928000000;48242;283,264568567276
928000000 a 929000000;48321;300,8975052833557
929000000 a 930000000;48257;285,768586397171
930000000 a 931000000;48487;276,5972430706024
931000000 a 932000000;48449;281,5331435203552
932000000 a 933000000;48382;302,8226215839386
933000000 a 934000000;48582;284,08120131492615
934000000 a 935000000;48335;278,1211211681366
935000000 a 936000000;48577;277,32396626472473
936000000 a 937000000;48242;274,5920419692993
937000000 a 938000000;48388;281,0339300632477
938000000 a 939000000;48463;302,51903438568115
939000000 a 940000000;48086;306,7972903251648
940000000 a 941000000;48517;331,08657336235046
941000000 a 942000000;48301;326,75030183792114
942000000 a 943000000;48371;290,65154910087585
943000000 a 944000000;48560;288,68024039268494
944000000 a 945000000;48278;289,92020630836487
945000000 a 946000000;48392;297,354505777359
946000000 a 947000000;48314;292,4856493473053
947000000 a 948000000;48632;317,2745819091797
948000000 a 949000000;48323;303,26098251342773
949000000 a 950000000;48359;317,8805191516876
950000000 a 951000000;48309;308,9227957725525
951000000 a 952000000;48287;343,4797246456146
952000000 a 953000000;48368;328,092542886734
953000000 a 954000000;48453;309,37213826179504
954000000 a 955000000;48422;302,72673892974854
955000000 a 956000000;48266;284,8253402709961
956000000 a 957000000;48440;286,23889207839966
957000000 a 958000000;48479;293,89554953575134
958000000 a 959000000;48329;285,7069411277771
959000000 a 960000000;48492;294,57821679115295
960000000 a 961000000;48483;284,9610245227814
961000000 a 962000000;48258;279,9150826931
962000000 a 963000000;48443;280,28032636642456
963000000 a 964000000;48463;276,3853883743286
964000000 a 965000000;48200;271,37761878967285
965000000 a 966000000;48285;270,7879204750061
966000000 a 967000000;48335;318,00493574142456
967000000 a 968000000;48321;358,76757764816284
968000000 a 969000000;48333;364,1946220397949
969000000 a 970000000;48361;399,32150888442993
970000000 a 971000000;48471;343,6193766593933
971000000 a 972000000;48207;347,58862590789795
972000000 a 973000000;48244;404,5303478240967
973000000 a 974000000;48264;378,03721380233765
974000000 a 975000000;48358;331,91852474212646
975000000 a 976000000;48080;311,93263578414917
976000000 a 977000000;48395;306,5720477104187
977000000 a 978000000;48330;363,7507381439209
978000000 a 979000000;48158;318,68666648864746
979000000 a 980000000;48275;312,17603397369385
980000000 a 981000000;48230;318,40586400032043
981000000 a 982000000;48313;311,6317391395569
982000000 a 983000000;48424;311,278386592865
983000000 a 984000000;48437;353,77406573295593
984000000 a 985000000;48355;310,23479557037354
985000000 a 986000000;48292;312,9301872253418
986000000 a 987000000;48287;355,3690848350525
987000000 a 988000000;48285;362,4477472305298
988000000 a 989000000;48235;324,5499515533447
989000000 a 990000000;48271;365,74872636795044
990000000 a 991000000;48331;396,8256604671478
991000000 a 992000000;48265;372,90756940841675
992000000 a 993000000;48304;358,6131749153137
993000000 a 994000000;48227;308,9463994503021
994000000 a 995000000;48279;309,0838990211487
995000000 a 996000000;48285;307,7884702682495
996000000 a 997000000;48380;311,0611951351166
997000000 a 998000000;48357;308,56083726882935
998000000 a 999000000;48440;309,0993027687073
999000000 a 1000000000;47957;310,04002261161804
1000000000 a 1001000000;48155;318,8447759151459
1001000000 a 1002000000;48262;325,202543258667
1002000000 a 1003000000;48198;330,4723057746887
1003000000 a 1004000000;48263;343,8306317329407
1004000000 a 1005000000;48270;351,04428577423096
1005000000 a 1006000000;48443;358,78981709480286
1006000000 a 1007000000;48076;354,1650638580322
1007000000 a 1008000000;48324;361,01260638237
1008000000 a 1009000000;48139;367,88899779319763
1009000000 a 1010000000;48319;366,5387849807739
1010000000 a 1011000000;48206;365,63963556289673
1011000000 a 1012000000;48360;388,95071053504944
1012000000 a 1013000000;48203;371,1594750881195
1013000000 a 1014000000;48092;331,3507924079895
1014000000 a 1015000000;48411;369,2115042209625
1015000000 a 1016000000;48252;378,9591693878174
1016000000 a 1017000000;48239;361,39056634902954
1017000000 a 1018000000;48305;363,093807220459
1018000000 a 1019000000;48098;383,10974502563477
1019000000 a 1020000000;48172;379,5646274089813
1020000000 a 1021000000;48333;364,46896624565125
1021000000 a 1022000000;48174;363,03818798065186
1022000000 a 1023000000;48200;368,53548073768616
1023000000 a 1024000000;48057;323,40413331985474
1024000000 a 1025000000;48299;328,2414011955261
1025000000 a 1026000000;48251;331,82317566871643
1026000000 a 1027000000;48160;328,42277359962463
1027000000 a 1028000000;48048;297,08735036849976
1028000000 a 1029000000;48202;306,19084906578064
1029000000 a 1030000000;48273;303,0841157436371
1030000000 a 1031000000;48263;305,91448163986206
1031000000 a 1032000000;48202;304,5970721244812
1032000000 a 1033000000;48058;303,10704374313354
1033000000 a 1034000000;47981;314,5104773044586
1034000000 a 1035000000;48232;362,38954854011536
1035000000 a 1036000000;48184;423,3091690540314
1036000000 a 1037000000;48282;381,29871344566345
1037000000 a 1038000000;48093;372,7537226676941
1038000000 a 1039000000;48286;368,40580797195435
1039000000 a 1040000000;48313;347,12250566482544
1040000000 a 1041000000;48155;347,29155111312866
1041000000 a 1042000000;48245;377,4818067550659
1042000000 a 1043000000;48187;340,29048109054565
1043000000 a 1044000000;48169;352,75601983070374
1044000000 a 1045000000;48020;370,7780339717865
1045000000 a 1046000000;48086;355,57773900032043
1046000000 a 1047000000;48142;350,1247673034668
1047000000 a 1048000000;48026;389,1873428821564
1048000000 a 1049000000;48036;455,34541296958923
1049000000 a 1050000000;48072;500,7550642490387
1050000000 a 1051000000;48178;535,1046628952026
1051000000 a 1052000000;48172;403,8509840965271
1052000000 a 1053000000;48225;415,89531230926514
1053000000 a 1054000000;47989;425,9460139274597
1054000000 a 1055000000;48113;420,71074628829956
1055000000 a 1056000000;48023;411,05611276626587
1056000000 a 1057000000;48171;454,3196659088135
1057000000 a 1058000000;47982;461,7038359642029
1058000000 a 1059000000;48304;411,83773469924927
1059000000 a 1060000000;48050;369,30035161972046
1060000000 a 1061000000;48078;361,85374903678894
1061000000 a 1062000000;48015;382,0302984714508
1062000000 a 1063000000;48091;342,5276370048523
1063000000 a 1064000000;48096;335,8100235462189
1064000000 a 1065000000;48434;320,95862650871277
1065000000 a 1066000000;48005;316,6801404953003
1066000000 a 1067000000;48253;318,3606264591217
1067000000 a 1068000000;48260;323,7346262931824
1068000000 a 1069000000;48130;331,5038471221924
1069000000 a 1070000000;48071;315,40474796295166
1070000000 a 1071000000;48269;321,82797050476074
1071000000 a 1072000000;48160;315,4775564670563
1072000000 a 1073000000;48014;317,90157175064087
1073000000 a 1074000000;47902;322,26826429367065
1074000000 a 1075000000;48179;333,9426701068878
1075000000 a 1076000000;47948;334,40444111824036
1076000000 a 1077000000;48032;338,12290048599243
1077000000 a 1078000000;47981;359,51377058029175
1078000000 a 1079000000;48136;382,3116307258606
1079000000 a 1080000000;48024;371,89902544021606
1080000000 a 1081000000;48046;361,8946952819824
1081000000 a 1082000000;48251;340,52249908447266
1082000000 a 1083000000;48118;342,7838490009308
1083000000 a 1084000000;48174;339,43323278427124
1084000000 a 1085000000;48228;348,7410535812378
1085000000 a 1086000000;47974;353,25946164131165
1086000000 a 1087000000;48138;354,4869704246521
1087000000 a 1088000000;48235;358,138797044754
1088000000 a 1089000000;47931;355,7003562450409
1089000000 a 1090000000;48058;334,89626932144165
1090000000 a 1091000000;48077;354,325088262558
1091000000 a 1092000000;48020;349,7776563167572
1092000000 a 1093000000;48097;337,1524484157562
1093000000 a 1094000000;48254;330,32333111763
1094000000 a 1095000000;47902;328,1724133491516
1095000000 a 1096000000;47973;325,129686832428
1096000000 a 1097000000;48174;324,21798062324524
1097000000 a 1098000000;48032;329,1518461704254
1098000000 a 1099000000;48010;324,36060905456543
1099000000 a 1100000000;48143;322,2024562358856